name,empId,contractor
John Smith,EMP001,ABC Construction Ltd
Sarah Johnson,EMP002,ABC Construction Ltd
Mike Wilson,EMP003,XYZ Builders
Emily Davis,EMP004,Metro Contractors
David Brown,EMP005,ABC Construction Ltd
Lisa Anderson,EMP006,XYZ Builders
Robert Taylor,EMP007,Metro Contractors
Jennifer Martinez,EMP008,ABC Construction Ltd
Christopher Lee,EMP009,XYZ Builders
Amanda Garcia,EMP010,Metro Contractors
James Rodriguez,EMP011,ABC Construction Ltd
Michelle White,EMP012,XYZ Builders
Daniel Thompson,EMP013,Metro Contractors
Ashley Jackson,EMP014,ABC Construction Ltd
Matthew Harris,EMP015,XYZ Builders
Jessica Clark,EMP016,Metro Contractors
Andrew Lewis,EMP017,ABC Construction Ltd
Stephanie Walker,EMP018,XYZ Builders
Kevin Hall,EMP019,Metro Contractors
Nicole Young,EMP020,ABC Construction Ltd
Ryan King,EMP021,XYZ Builders
Samantha Wright,EMP022,Metro Contractors
Brandon Lopez,EMP023,ABC Construction Ltd
Rachel Hill,EMP024,XYZ Builders
Justin Green,EMP025,Metro Contractors
